{
  "Component-preload.js": 1731868302740,
  "manifest.json": 1731868302609,
  "ext/controller/Extend.controller.js": 1731850967393,
  "Component.js": 1731850967392,
  "ext/controller/Extend-dbg.controller.js": 1731850967393,
  "ext/controller/Extend.controller.js.map": 1731868302680,
  "Component-dbg.js": 1731850967392,
  "Component.js.map": 1731868302668,
  "i18n/i18n.properties": 1731850967393,
  "Component-preload.js.map": 1731868302740,
  "ext/Fragmentos/Editar.fragment.xml": 1731850967392,
  "ext/Fragmentos/Cancelar.fragment.xml": 1731850967392,
  "index.html": 1731850967393
}