{
  "ext/controller/Extend-dbg.controller.js": 1731643539527,
  "ext/controller/Extend.controller.js": 1731643539527,
  "manifest.json": 1731699982732,
  "Component.js": 1731621080165,
  "Component-dbg.js": 1731621080165,
  "Component.js.map": 1731699982957,
  "i18n/i18n.properties": 1731633135353,
  "ext/controller/Extend.controller.js.map": 1731699982987,
  "Component-preload.js": 1731699983189,
  "Component-preload.js.map": 1731699983189,
  "ext/Fragmentos/Editar.fragment.xml": 1731642768661,
  "ext/Fragmentos/Cancelar.fragment.xml": 1731626383828,
  "index.html": 1731621080165
}